icao24,callsign,origin_country,time_position,last_contact,longitude,latitude,baro_altitude,on_ground,velocity,heading,vertical_rate,sensors,geo_altitude,squawk,spi,position_source,timestamp
0d11e4,VIV8033 ,Mexico,1779659163.0,1779659163,-105.8888,29.97,10972.8,False,220.13,347.04,0.0,,11490.96,,False,0,2026-05-24 22:38:38.550444
851958,JAL623  ,Japan,1779659162.0,1779659165,139.4902,35.4554,4815.84,False,197.62,262.67,14.96,,5044.44,4703,False,0,2026-05-24 22:38:38.550444
343141,IBS15SX ,Spain,1779659440.0,1779659440,-15.9643,29.2482,6545.58,False,150.59,200.6,-5.2,,6987.54,,False,0,2026-05-24 22:38:38.550444
a26a93,FDX785  ,United States,1779659162.0,1779659162,-89.1242,35.116,6492.24,False,234.38,78.22,9.1,,6568.44,,False,0,2026-05-24 22:38:38.550444
a39d95,DAL1579 ,United States,1779659147.0,1779659328,-83.316,33.1472,8755.38,False,214.73,129.95,-4.23,,9250.68,3314,False,0,2026-05-24 22:38:38.550444
c07c92,WEN3456 ,Canada,1779659136.0,1779659167,-113.8547,51.0806,2735.58,False,125.85,63.02,8.45,,2720.34,,False,0,2026-05-24 22:38:38.550444
a1bfd7,N2112   ,United States,1779659002.0,1779659167,-101.6865,29.9791,13106.4,False,202.47,295.91,-0.33,,13594.08,,False,0,2026-05-24 22:38:38.550444
e49f43,AZU2920 ,Brazil,,1779659321,,,8641.08,False,219.93,39.69,7.15,,9090.66,,False,0,2026-05-24 22:38:38.550444
801778,IGO402M ,India,1779659162.0,1779659162,76.9248,27.4943,7620.0,False,225.34,180.52,5.53,,8008.62,,False,0,2026-05-24 22:38:38.550444
ac379a,SWA1984 ,United States,1779659167.0,1779659167,-80.703,36.6679,10972.8,False,228.44,179.1,0.0,,11536.68,7465,False,0,2026-05-24 22:38:38.550444
a008c9,DAL860  ,United States,1779659185.0,1779659247,-81.7585,40.9551,7399.02,False,209.5,306.11,4.88,,7703.82,5703,False,0,2026-05-24 22:38:38.550444
4aca63,SAS935  ,Sweden,1779659267.0,1779659410,-122.1123,37.4911,1143.0,False,98.45,9.02,-4.55,,1158.24,1770,False,0,2026-05-24 22:38:38.550444
4aca70,SAS1878 ,Sweden,1779659167.0,1779659167,11.2886,56.4221,8968.74,False,193.26,309.71,6.5,,9410.7,0227,False,0,2026-05-24 22:38:38.550444
505ce6,,Slovakia,1779659459.0,1779659459,16.5392,47.5796,10972.8,False,217.9,332.59,-0.33,,11437.62,,False,0,2026-05-24 22:38:38.550444
ab15ba,,United States,,1779659458,,,,False,240.08,96.15,0.0,,,,False,0,2026-05-24 22:38:38.550444
47b1e8,,Norway,,1779659459,,,,False,82.65,298.64,0.0,,,,False,0,2026-05-24 22:38:38.550444
ac22c5,AAL2838 ,United States,1779659167.0,1779659167,-77.5648,37.9257,9829.8,False,251.35,39.69,-4.88,,10317.48,7435,False,0,2026-05-24 22:38:38.550444
44008f,AUA973  ,Austria,1779658959.0,1779659167,9.5352,53.7756,3893.82,False,185.82,338.91,4.55,,4175.76,1343,False,0,2026-05-24 22:38:38.550444
3c4a04,DLH445  ,Germany,1779659459.0,1779659459,-73.9614,40.3092,10668.0,False,273.52,70.44,-0.33,,11186.16,,False,0,2026-05-24 22:38:38.550444
3c4a21,DLH500  ,Germany,1779659459.0,1779659459,1.9356,44.3398,10050.78,False,262.26,229.22,0.33,,10546.08,0636,False,0,2026-05-24 22:38:38.550444
738051,ELY388  ,Israel,1779659459.0,1779659459,12.367,44.6364,10668.0,False,210.89,113.13,0.0,,11125.2,0443,False,0,2026-05-24 22:38:38.550444
a3539d,SKW3840 ,United States,,1779659459,,,,False,195.38,330.33,0.0,,,,False,0,2026-05-24 22:38:38.550444
ada336,AAL683  ,United States,1779659167.0,1779659167,-80.4519,25.9377,1188.72,False,98.54,208.71,-5.53,,1203.96,1770,False,0,2026-05-24 22:38:38.550444
a48759,JRE391  ,United States,1779659167.0,1779659167,-73.5316,45.474,1234.44,False,132.16,15.12,-5.85,,1287.78,2611,False,0,2026-05-24 22:38:38.550444
a9fb4e,AAL1423 ,United States,1779658863.0,1779659167,-76.7396,38.6177,7452.36,False,243.38,66.85,-5.2,,7856.22,2412,False,0,2026-05-24 22:38:38.550444
a3c9a1,DAL2443 ,United States,1779659136.0,1779659167,-77.3349,42.2026,10972.8,False,206.44,291.64,0.0,,11437.62,1725,False,0,2026-05-24 22:38:38.550444
a96434,N704JB  ,United States,1779659327.0,1779659327,-84.3913,37.5944,11887.2,False,246.27,123.32,0.0,,12420.6,,False,0,2026-05-24 22:38:38.550444
a76c79,DAL413  ,United States,1779659162.0,1779659162,-93.008,44.757,1219.2,False,101.36,338.25,-2.28,,1242.06,1016,False,0,2026-05-24 22:38:38.550444
aa974f,SWA613  ,United States,1779659003.0,1779659163,-84.1481,35.859,11887.2,False,251.5,20.47,0.0,,12458.7,6131,False,0,2026-05-24 22:38:38.550444
4066ce,TOM4YT  ,United Kingdom,1779659126.0,1779659167,25.7797,38.5136,10972.8,False,226.01,321.75,0.0,,11247.12,5637,False,0,2026-05-24 22:38:38.550444
896408,,United Arab Emirates,1779659459.0,1779659459,6.2956,50.0337,11277.6,False,250.83,113.83,-0.33,,11849.1,,False,0,2026-05-24 22:38:38.550444
780a96,,China,1779659459.0,1779659459,118.7088,14.3844,10363.2,False,253.88,325.15,0.0,,11117.58,,False,0,2026-05-24 22:38:38.550444
c07fe9,WJA646  ,Canada,1779659167.0,1779659167,-113.74,51.0219,3139.44,False,161.06,83.4,10.08,,3177.54,,False,0,2026-05-24 22:38:38.550444
89630f,UAE20   ,United Arab Emirates,1779659462.0,1779659462,11.746,49.4281,10668.0,False,248.22,119.97,0.0,,11201.4,5232,False,0,2026-05-24 22:38:38.550444
80073a,AIC2018 ,India,1779659325.0,1779659326,11.2913,47.7947,11887.2,False,235.73,124.42,-0.33,,12420.6,2226,False,0,2026-05-24 22:38:38.550444
800739,,India,,1779659458,,,,False,235.18,137.3,-0.33,,,,False,0,2026-05-24 22:38:38.550444
489228,ENT430  ,Poland,1779659003.0,1779659249,4.5801,48.9619,11582.4,False,230.3,305.82,0.0,,12131.04,7532,False,0,2026-05-24 22:38:38.550444
484ee5,KLM945  ,Kingdom of the Netherlands,1779659459.0,1779659459,-0.2308,54.5459,12192.0,False,221.71,300.85,0.0,,12717.78,6262,False,0,2026-05-24 22:38:38.550444
8963cc,ETD3AG  ,United Arab Emirates,1779659410.0,1779659410,17.0929,44.5427,10668.0,False,234.44,129.03,0.0,,11079.48,0651,False,0,2026-05-24 22:38:38.550444
8963e9,UAE5V   ,United Arab Emirates,1779659186.0,1779659186,-6.2419,37.6433,11277.6,False,273.62,119.26,0.0,,11765.28,2235,False,0,2026-05-24 22:38:38.550444
4bb159,,Turkey,,1779659466,,,11277.6,False,251.09,119.45,0.0,,11818.62,,False,0,2026-05-24 22:38:38.550444
4067f5,TOM6TL  ,United Kingdom,1779659004.0,1779659162,3.9341,46.9502,13098.78,False,233.46,342.16,0.0,,13601.7,5510,False,0,2026-05-24 22:38:38.550444
a333ae,AAL2478 ,United States,1779659167.0,1779659167,-79.3534,28.0767,11277.6,False,228.02,304.34,0.33,,11910.06,,False,0,2026-05-24 22:38:38.550444
a51f4a,,United States,1779659459.0,1779659459,-77.3061,42.5263,9144.0,False,204.55,292.63,0.0,,,,False,0,2026-05-24 22:38:38.550444
4ac9c4,BLX176  ,Sweden,1779659148.0,1779659468,9.6197,49.0714,11582.4,False,215.67,4.38,0.0,,12131.04,1000,False,0,2026-05-24 22:38:38.550444
4bb18b,THY7KG  ,Turkey,1779659458.0,1779659458,-77.1684,45.8788,11574.78,False,212.86,223.73,0.0,,11948.16,2414,False,0,2026-05-24 22:38:38.550444
acbf63,AAL1337 ,United States,1779659168.0,1779659168,-95.3197,33.0996,8534.4,False,207.98,190.11,0.0,,8923.02,6774,False,0,2026-05-24 22:38:38.550444
ac2545,N882AB  ,United States,1779659167.0,1779659167,-118.6798,34.0302,868.68,False,47.85,91.23,2.6,,868.68,,False,0,2026-05-24 22:38:38.550444
3c49cb,EWG8EX  ,Germany,1779659049.0,1779659167,1.7139,41.7467,10881.36,False,225.71,347.9,2.28,,11376.66,5316,False,0,2026-05-24 22:38:38.550444
a4b420,ASA28   ,United States,1779659459.0,1779659459,-77.9721,40.1372,10363.2,False,209.66,272.95,0.0,,10858.5,2204,False,0,2026-05-24 22:38:38.550444
a129b0,SKW3433 ,United States,1779659165.0,1779659165,-122.6826,37.5467,8016.24,False,194.87,169.97,8.78,,8305.8,3765,False,0,2026-05-24 22:38:38.550444
4077bb,EXS46UN ,United Kingdom,1779659167.0,1779659167,6.3452,47.3617,12192.0,False,230.21,342.17,0.0,,12725.4,5773,False,0,2026-05-24 22:38:38.550444
a7277c,N560FW  ,United States,1779659005.0,1779659167,-98.2406,30.7087,7612.38,False,224.82,12.29,-0.33,,7940.04,4025,False,0,2026-05-24 22:38:38.550444
740827,RJA268  ,Jordan,1779659003.0,1779659247,14.3303,48.2457,11879.58,False,241.03,124.74,-0.33,,12382.5,2261,False,0,2026-05-24 22:38:38.550444
a23892,N242MT  ,United States,1779659459.0,1779659459,-96.9541,37.8718,952.5,False,60.37,57.53,0.33,,967.74,,False,0,2026-05-24 22:38:38.550444
a4fbc8,N420BR  ,United States,1779659169.0,1779659169,-102.5732,32.9815,7086.6,False,198.59,180.59,-10.4,,7391.4,6741,False,0,2026-05-24 22:38:38.550444
76cd43,SIA337  ,Singapore,1779659148.0,1779659168,10.4427,47.4885,10668.0,False,239.61,99.02,0.0,,11170.92,0660,False,0,2026-05-24 22:38:38.550444
ac7faf,SCX107  ,United States,1779659136.0,1779659169,-94.0755,44.0972,7589.52,False,212.36,243.99,8.13,,7749.54,3653,False,0,2026-05-24 22:38:38.550444
4d00ed,LGL704  ,Luxembourg,1779659459.0,1779659459,4.4928,49.2904,6576.06,False,207.74,76.1,-9.75,,7056.12,1000,False,0,2026-05-24 22:38:38.550444
76cd74,SIA319  ,Singapore,1779659326.0,1779659469,16.3889,48.0471,10058.4,False,247.5,113.26,0.0,,10515.6,3422,False,0,2026-05-24 22:38:38.550444
ac52ee,,United States,1779659467.0,1779659467,-98.8438,26.8727,10668.0,False,248.81,40.64,0.33,,11163.3,,False,0,2026-05-24 22:38:38.550444
abde0b,DAL693  ,United States,1779659004.0,1779659186,-92.4795,35.8617,8229.6,False,205.87,112.01,0.0,,8587.74,,False,0,2026-05-24 22:38:38.550444
a7302f,AAL1660 ,United States,1779659044.0,1779659168,-80.6535,30.5343,9753.6,False,233.05,179.75,0.0,,10317.48,1106,False,0,2026-05-24 22:38:38.550444
a252ae,AAY3025 ,United States,1779659136.0,1779659302,-82.229,35.0076,8907.78,False,256.35,355.86,-14.31,,9433.56,1756,False,0,2026-05-24 22:38:38.550444
a875da,UAL321  ,United States,1779659427.0,1779659427,-76.7374,39.1133,5730.24,False,232.69,87.85,9.1,,5966.46,2414,False,0,2026-05-24 22:38:38.550444
a3615f,FFT3454 ,United States,1779659167.0,1779659167,-74.0944,40.513,1676.4,False,120.3,32.6,-9.75,,1775.46,3322,False,0,2026-05-24 22:38:38.550444
ad618c,TRF565  ,United States,1779659167.0,1779659167,-111.7491,33.4452,617.22,False,38.92,225.54,0.0,,586.74,,False,0,2026-05-24 22:38:38.550444
899107,CAL5267 ,Taiwan,1779659459.0,1779659459,-106.0309,38.9699,10972.8,False,237.59,309.38,0.0,,,,False,0,2026-05-24 22:38:38.550444
a503a0,,United States,,1779659459,,,,False,234.59,65.51,4.88,,,,False,0,2026-05-24 22:38:38.550444
78037c,CSS111  ,China,1779659167.0,1779659167,6.3413,50.9359,4465.32,False,193.29,229.1,-11.7,,4808.22,7677,False,0,2026-05-24 22:38:38.550444
a81e38,FFT3600 ,United States,1779659148.0,1779659435,-86.0167,34.5065,9144.0,False,198.21,309.1,0.0,,9646.92,4130,False,0,2026-05-24 22:38:38.550444
407fc7,,United Kingdom,1779659467.0,1779659467,8.7245,45.6433,,True,6.17,168.75,,,,,False,0,2026-05-24 22:38:38.550444
4ca2bf,RYR21PC ,Ireland,1779659170.0,1779659330,-7.9716,39.2374,11887.2,False,233.38,186.2,-0.33,,12344.4,0505,False,0,2026-05-24 22:38:38.550444
851230,,Japan,,1779659459,,,,False,134.37,227.64,5.53,,,,False,0,2026-05-24 22:38:38.550444
a07f60,EDV5408 ,United States,1779659455.0,1779659455,-73.7841,40.6263,,True,0.0,205.31,,,,,False,0,2026-05-24 22:38:38.550444
4ca302,RYR27XV ,Ireland,1779659167.0,1779659167,8.3593,44.6974,6789.42,False,215.2,327.3,9.1,,7200.9,0426,False,0,2026-05-24 22:38:38.550444
ad9712,JBU280  ,United States,1779659135.0,1779659167,-80.2094,26.9023,10058.4,False,229.76,337.63,0.0,,10637.52,,False,0,2026-05-24 22:38:38.550444
c0637c,WJA860  ,Canada,1779659302.0,1779659302,-69.6165,46.7275,11887.2,False,255.26,109.06,0.0,,12245.34,,False,0,2026-05-24 22:38:38.550444
a659be,VJA508  ,United States,1779659162.0,1779659162,-102.2787,39.5815,13106.4,False,221.29,292.99,0.33,,13472.16,3133,False,0,2026-05-24 22:38:38.550444
406bbb,BAW870  ,United Kingdom,1779659247.0,1779659247,16.6006,48.8853,10736.58,False,225.82,107.77,-4.55,,11308.08,4750,False,0,2026-05-24 22:38:38.550444
744841,RJA291  ,Jordan,1779659136.0,1779659321,-95.4591,35.9588,12192.0,False,230.59,207.94,-0.33,,12649.2,,False,0,2026-05-24 22:38:38.550444
a5ac3f,GFY4654 ,United States,1779659326.0,1779659326,-122.9086,47.2618,1211.58,False,60.33,183.91,1.63,,1203.96,,False,0,2026-05-24 22:38:38.550444
aabd2b,EJA791  ,United States,1779659169.0,1779659169,-79.3295,29.3632,12496.8,False,232.6,26.68,0.33,,13144.5,,False,0,2026-05-24 22:38:38.550444
a67bc8,,United States,1779659327.0,1779659440,-102.5262,40.0577,10043.16,False,248.39,127.51,0.0,,10416.54,,False,0,2026-05-24 22:38:38.550444
407ff4,WUK9752 ,United Kingdom,1779659459.0,1779659459,-0.3329,52.0351,1417.32,False,126.03,227.98,-4.88,,1676.4,,False,0,2026-05-24 22:38:38.550444
407fca,,United Kingdom,1779659459.0,1779659459,-8.559,39.7013,7048.5,False,171.34,210.49,-5.53,,7429.5,,False,0,2026-05-24 22:38:38.550444
acc85c,,United States,,1779659459,,,,False,48.24,291.91,-1.3,,,,False,0,2026-05-24 22:38:38.550444
a54dad,OXF9304 ,United States,1779659303.0,1779659303,-116.6462,32.8556,2148.84,False,73.17,266.78,-3.25,,2171.7,,False,0,2026-05-24 22:38:38.550444
a1bc2e,N2102P  ,United States,1779659459.0,1779659459,-118.4355,33.936,1950.72,False,50.95,316.64,1.95,,1981.2,,False,0,2026-05-24 22:38:38.550444
a9b118,N7230Q  ,United States,1779659441.0,1779659441,-121.4995,38.5062,182.88,False,32.68,208.18,3.25,,167.64,,False,0,2026-05-24 22:38:38.550444
48c1a4,RYR5GV  ,Poland,1779659434.0,1779659434,19.5047,47.2852,1181.1,False,98.26,332.23,-3.9,,1379.22,1000,False,0,2026-05-24 22:38:38.550444
a1bc92,JBU1523 ,United States,1779659162.0,1779659163,-80.9402,42.6569,9144.0,False,216.26,272.45,0.33,,9502.14,1161,False,0,2026-05-24 22:38:38.550444
acedf5,,United States,,1779659459,,,,False,138.81,17.02,10.73,,,,False,0,2026-05-24 22:38:38.550444
aca79d,EDV4970 ,United States,1779659170.0,1779659170,-74.8594,40.2359,6888.48,False,195.34,261.98,6.83,,7231.38,3314,False,0,2026-05-24 22:38:38.550444
a6bf4e,,United States,1779659459.0,1779659459,-77.3875,37.2241,7620.0,False,226.72,352.57,1.3,,8023.86,,False,0,2026-05-24 22:38:38.550444
a61592,UAL1417 ,United States,1779659146.0,1779659321,-93.2475,37.5232,10965.18,False,216.61,283.74,0.33,,11407.14,3126,False,0,2026-05-24 22:38:38.550444
407f61,EZY73HP ,United Kingdom,1779659459.0,1779659459,8.2788,47.5662,10965.18,False,233.78,302.33,0.0,,11513.82,2777,False,0,2026-05-24 22:38:38.550444
407f62,EZY62MU ,United Kingdom,1779659169.0,1779659169,1.5593,50.1802,9044.94,False,234.64,315.62,-17.23,,8892.54,3103,False,0,2026-05-24 22:38:38.550444
407f0d,RUK24LQ ,United Kingdom,1779659161.0,1779659437,4.5043,51.1262,11582.4,False,229.41,290.75,0.0,,12131.04,0625,False,0,2026-05-24 22:38:38.550444
48c2b2,,Poland,1779659459.0,1779659459,23.2382,47.3664,10782.3,False,219.13,318.9,-4.88,,11216.64,,False,0,2026-05-24 22:38:38.550444
48c2a5,,Poland,,1779659441,,,,False,206.49,47.73,0.0,,,,False,0,2026-05-24 22:38:38.550444
48c139,RYR275K ,Poland,1779659168.0,1779659168,7.1917,51.9978,11277.6,False,231.02,93.96,0.0,,11826.24,1153,False,0,2026-05-24 22:38:38.550444
440488,EJU79RH ,Austria,1779659460.0,1779659460,7.6254,43.8226,9144.0,False,203.5,40.9,-0.33,,9624.06,1000,False,0,2026-05-24 22:38:38.550444
a73220,ASA3    ,United States,1779659459.0,1779659459,-80.3003,40.4521,10972.8,False,211.31,303.38,0.0,,11430.0,,False,0,2026-05-24 22:38:38.550444
c05512,JZA652  ,Canada,1779659125.0,1779659247,-122.4134,46.0656,3444.24,False,148.45,183.58,-7.15,,3528.06,2671,False,0,2026-05-24 22:38:38.550444
a28a34,,United States,,1779659465,,,,False,66.31,311.86,1.95,,,,False,0,2026-05-24 22:38:38.550444
a3fa72,N3555L  ,United States,1779659167.0,1779659459,-122.9411,45.2853,822.96,False,53.41,234.01,-3.58,,807.72,0130,False,0,2026-05-24 22:38:38.550444
ac5723,SWA1280 ,United States,1779659026.0,1779659167,-70.9387,42.34,1699.26,False,89.99,174.09,0.0,,1798.32,3145,False,0,2026-05-24 22:38:38.550444
a3d90a,AAL2573 ,United States,1779659167.0,1779659167,-77.0189,38.9761,10195.56,False,220.44,225.19,7.8,,11018.52,3063,False,0,2026-05-24 22:38:38.550444
a0acf9,UAL267  ,United States,1779659167.0,1779659167,-121.9949,37.9583,5234.94,False,195.02,35.66,13.33,,5402.58,,False,0,2026-05-24 22:38:38.550444
3ce078,LUA775C ,Germany,1779659302.0,1779659459,4.7653,46.8476,10668.0,False,203.0,126.55,0.0,,11155.68,0524,False,0,2026-05-24 22:38:38.550444
a46e70,LXJ385  ,United States,1779659055.0,1779659167,-77.1842,38.5571,11277.6,False,230.63,44.64,0.0,,11833.86,4047,False,0,2026-05-24 22:38:38.550444
7c6b0d,JST929  ,Australia,1779659167.0,1779659167,153.0034,-27.0821,1821.18,False,131.41,102.89,-6.5,,1699.26,,False,0,2026-05-24 22:38:38.550444
ac2f5a,SWA572  ,United States,1779659327.0,1779659327,-78.9291,39.6248,8679.18,False,246.49,105.37,-16.91,,9121.14,2152,False,0,2026-05-24 22:38:38.550444
7c6b17,JST510  ,Australia,1779659462.0,1779659462,148.5217,-34.7934,10660.38,False,211.78,41.36,0.0,,10949.94,7253,False,0,2026-05-24 22:38:38.550444
3c65d4,,Germany,1779659459.0,1779659459,19.4496,45.026,11285.22,False,212.1,121.11,0.0,,,,False,0,2026-05-24 22:38:38.550444
3c65c5,,Germany,,1779659459,,,,False,182.34,84.82,-7.48,,,,False,0,2026-05-24 22:38:38.550444
7c6c56,,Australia,,1779659467,,,,False,160.79,171.35,-6.83,,,,False,0,2026-05-24 22:38:38.550444
3c6548,,Germany,,1779659459,,,5654.04,False,180.07,323.95,-11.38,,,,False,0,2026-05-24 22:38:38.550444
a666c3,N511SN  ,United States,1779659467.0,1779659467,-93.0713,44.4815,1531.62,False,25.08,334.49,-1.3,,,,False,0,2026-05-24 22:38:38.550444
3c64a8,DLH2558 ,Germany,1779659004.0,1779659164,25.5509,45.0835,10058.4,False,227.54,121.03,0.0,,10363.2,6023,False,0,2026-05-24 22:38:38.550444
7c6c24,RXA6658 ,Australia,1779659005.0,1779659185,151.1248,-34.1648,1242.06,False,111.22,87.61,-5.53,,1341.12,4243,False,0,2026-05-24 22:38:38.550444
7c6af3,LR552   ,Australia,1779659167.0,1779659167,153.3975,-27.5738,3360.42,False,141.09,2.51,-4.88,,3634.74,,False,0,2026-05-24 22:38:38.550444
abb54f,SWA4087 ,United States,1779659459.0,1779659459,-79.6741,40.1452,10972.8,False,207.91,195.21,0.0,,11475.72,,False,0,2026-05-24 22:38:38.550444
4080c1,RUK91GH ,United Kingdom,1779659136.0,1779659168,-5.4257,37.9807,10972.8,False,235.6,25.89,0.0,,11468.1,6461,False,0,2026-05-24 22:38:38.550444
4b15a3,SWR2V   ,Switzerland,1779658877.0,1779659167,-71.0073,42.3664,-121.92,False,72.21,139.04,9.1,,-30.48,,False,0,2026-05-24 22:38:38.550444
a59f53,SWA3303 ,United States,1779659125.0,1779659167,-117.3658,34.3107,3017.52,False,155.38,120.22,-11.05,,3139.44,3772,False,0,2026-05-24 22:38:38.550444
7c6d7c,JST560  ,Australia,1779659163.0,1779659163,151.5533,-30.366,9456.42,False,246.0,41.52,0.33,,9860.28,5535,True,0,2026-05-24 22:38:38.550444
a0b88b,UAL1862 ,United States,1779659167.0,1779659167,-95.1952,30.1076,2346.96,False,153.78,259.59,-3.9,,2430.78,6242,False,0,2026-05-24 22:38:38.550444
a2e56d,N286MW  ,United States,1779659004.0,1779659162,-120.0206,37.6948,5486.4,False,101.84,285.23,0.0,,5669.28,,False,0,2026-05-24 22:38:38.550444
aaa555,RPA3531 ,United States,1779659170.0,1779659170,-83.0458,42.6313,9806.94,False,261.05,76.79,-5.2,,10096.5,6516,False,0,2026-05-24 22:38:38.550444
a0428a,AAL15   ,United States,1779659125.0,1779659465,-73.7701,41.105,4907.28,False,191.14,308.44,10.08,,5120.64,2712,False,0,2026-05-24 22:38:38.550444
a34bdc,EDV5197 ,United States,1779659004.0,1779659168,-73.3501,43.0694,8839.2,False,237.66,356.28,0.0,,9235.44,2774,False,0,2026-05-24 22:38:38.550444
ac3f7b,N889CE  ,United States,1779659136.0,1779659322,-117.771,34.6714,4587.24,False,211.27,256.91,-9.43,,4739.64,4671,False,0,2026-05-24 22:38:38.550444
86d90e,JAL70   ,Japan,1779659136.0,1779659167,139.3217,34.6619,4617.72,False,205.88,36.67,-11.7,,4884.42,3621,False,0,2026-05-24 22:38:38.550444
ab0e4c,,United States,,1779659459,,,,False,227.01,191.11,0.33,,,,False,0,2026-05-24 22:38:38.550444
0d0d37,VOI1401 ,Mexico,1779659004.0,1779659167,-93.6951,19.2524,11582.4,False,225.33,259.74,0.0,,12275.82,,False,0,2026-05-24 22:38:38.550444
a1c4d9,N213C   ,United States,1779658878.0,1779659170,-120.7017,36.9829,4419.6,False,79.67,301.53,1.95,,4556.76,,False,0,2026-05-24 22:38:38.550444
a05626,UAL944  ,United States,1779659135.0,1779659332,-80.9588,46.729,10660.38,False,300.03,54.7,0.0,,10911.84,6216,False,0,2026-05-24 22:38:38.550444
a544ee,DAL42   ,United States,1779659459.0,1779659459,-121.6257,48.7105,7627.62,False,232.6,51.74,4.88,,7795.26,,False,0,2026-05-24 22:38:38.550444
a39017,DAL1148 ,United States,1779659163.0,1779659163,-85.476,32.7968,4541.52,False,150.97,308.08,0.0,,4762.5,2755,False,0,2026-05-24 22:38:38.550444
aaa621,SWA1865 ,United States,1779659006.0,1779659167,-82.7501,27.8806,7711.44,False,220.7,90.13,-11.7,,8191.5,,False,0,2026-05-24 22:38:38.550444
aa5691,UAL323  ,United States,,1779659465,,,,False,202.88,253.95,-0.33,,,,False,0,2026-05-24 22:38:38.550444
ab890a,,United States,1779659467.0,1779659467,-95.0239,39.5828,10660.38,False,257.42,72.8,0.0,,11018.52,,False,0,2026-05-24 22:38:38.550444
ac61bc,SWA4719 ,United States,1779659025.0,1779659459,-89.6776,39.2953,11277.6,False,254.6,97.2,0.0,,11696.7,,False,0,2026-05-24 22:38:38.550444
a6a6b7,ASA772  ,United States,1779659321.0,1779659321,-122.9687,46.0292,4465.32,False,192.6,334.53,11.7,,4549.14,3571,False,0,2026-05-24 22:38:38.550444
490d05,NE610G  ,Portugal,1779659219.0,1779659219,20.8181,38.3069,13106.4,False,234.99,286.93,0.65,,13449.3,2025,False,0,2026-05-24 22:38:38.550444
c08851,,Canada,,1779659328,,,,False,194.37,36.17,8.45,,,,False,0,2026-05-24 22:38:38.550444
7c39f6,QLK901D ,Australia,1779659125.0,1779659167,151.2274,-33.1204,5044.44,False,146.23,182.42,-6.5,,5288.28,1132,False,0,2026-05-24 22:38:38.550444
486898,,Kingdom of the Netherlands,1779659462.0,1779659462,-8.5693,39.5257,6896.1,False,171.95,211.17,-5.85,,7269.48,,False,0,2026-05-24 22:38:38.550444
a81bcc,SKW5846 ,United States,1779659162.0,1779659162,-106.7451,40.9748,10668.0,False,226.95,109.05,0.0,,11049.0,,False,0,2026-05-24 22:38:38.550444
486840,TRA42T  ,Kingdom of the Netherlands,1779659135.0,1779659169,13.7375,48.7611,10972.8,False,233.32,297.58,0.0,,11506.2,1000,False,0,2026-05-24 22:38:38.550444
a167c1,N19VV   ,United States,1779659167.0,1779659167,-121.0203,36.7135,6591.3,False,225.84,70.57,11.38,,6865.62,,False,0,2026-05-24 22:38:38.550444
4ca8da,RYR2RM  ,Ireland,1779659162.0,1779659162,0.7132,48.367,11277.6,False,218.73,165.7,0.0,,11818.62,2040,False,0,2026-05-24 22:38:38.550444
c06366,PTR2248 ,Canada,1779659162.0,1779659162,-76.6715,44.4494,6705.6,False,152.42,225.14,-0.33,,6964.68,6560,False,0,2026-05-24 22:38:38.550444
a657e4,N508CK  ,United States,1779659169.0,1779659169,-119.0421,33.8172,6705.6,False,213.55,310.21,0.0,,6926.58,,False,0,2026-05-24 22:38:38.550444
a1a605,EJA205  ,United States,1779659327.0,1779659457,-76.7334,45.9433,11879.58,False,264.41,75.23,-0.65,,12237.72,2446,False,0,2026-05-24 22:38:38.550444
495065,,Portugal,1779659459.0,1779659459,6.6627,46.2019,11887.2,False,217.64,116.38,0.0,,12420.6,,False,0,2026-05-24 22:38:38.550444
aace5c,AAL239  ,United States,1779659170.0,1779659170,-82.9357,39.4727,10972.8,False,209.61,244.25,0.0,,11468.1,6012,False,0,2026-05-24 22:38:38.550444
ab436f,AAL131  ,United States,1779659459.0,1779659459,-91.1088,38.5649,10972.8,False,216.9,220.0,0.0,,11407.14,,False,0,2026-05-24 22:38:38.550444
4ca854,RYR52NP ,Ireland,1779659167.0,1779659167,-8.1498,37.7189,4389.12,False,194.57,181.97,-13.66,,4732.02,3721,False,0,2026-05-24 22:38:38.550444
a76644,FDY158  ,United States,1779658877.0,1779659167,-80.262,40.5554,1150.62,False,86.04,3.08,0.33,,1181.1,,False,0,2026-05-24 22:38:38.550444
a98051,FFT1287 ,United States,1779659302.0,1779659302,-81.9307,35.3348,11285.22,False,220.2,179.33,-0.33,,11879.58,4021,False,0,2026-05-24 22:38:38.550444
a44e18,,United States,1779659467.0,1779659467,-111.2706,32.9949,10972.8,False,238.17,350.05,0.0,,11407.14,,False,0,2026-05-24 22:38:38.550444
ab300d,,United States,1779659004.0,1779659166,-97.1988,33.6271,472.44,False,60.62,173.18,5.2,,480.06,,False,0,2026-05-24 22:38:38.550444
c01cb7,WJA808  ,Canada,1779659169.0,1779659169,-72.1738,45.1306,9243.06,False,236.24,88.25,-5.2,,9624.06,0527,False,0,2026-05-24 22:38:38.550444
ac0b7f,UAL8240 ,United States,1779659136.0,1779659168,-97.0525,34.1392,6096.0,False,197.25,343.17,0.33,,6355.08,0512,False,0,2026-05-24 22:38:38.550444
a64342,VJA502  ,United States,1779659167.0,1779659167,-73.2267,40.4887,8572.5,False,248.38,36.32,-10.73,,8999.22,2653,False,0,2026-05-24 22:38:38.550444
a2d688,N282MM  ,United States,1779659410.0,1779659411,-122.1149,37.461,-7.62,False,27.88,322.5,1.63,,-15.24,0333,False,0,2026-05-24 22:38:38.550444
a5232b,AAL3016 ,United States,1779659004.0,1779659167,-83.6231,26.8952,10058.4,False,235.74,120.71,0.0,,10660.38,,False,0,2026-05-24 22:38:38.550444
adf4e9,JBU772  ,United States,1779659005.0,1779659184,-80.5081,34.4397,10058.4,False,245.36,49.93,0.33,,10607.04,6130,False,0,2026-05-24 22:38:38.550444
a88335,N648CR  ,United States,1779659004.0,1779659162,-116.1968,35.2607,6743.7,False,187.34,48.56,-2.6,,6995.16,,False,0,2026-05-24 22:38:38.550444
a77687,GJS4394 ,United States,1779659004.0,1779659186,-88.72,42.3887,3406.14,False,171.77,99.83,-4.88,,3474.72,2454,False,0,2026-05-24 22:38:38.550444
a63060,N4981W  ,United States,1779659164.0,1779659164,-121.8664,38.5796,396.24,False,53.62,183.85,5.85,,403.86,,False,0,2026-05-24 22:38:38.550444
4866de,,Kingdom of the Netherlands,1779659459.0,1779659459,0.8438,48.688,10980.42,False,226.09,38.9,0.0,,11536.68,,False,0,2026-05-24 22:38:38.550444
4bce42,SXS2LL  ,Turkey,1779659460.0,1779659460,28.2331,38.134,11277.6,False,228.96,115.41,-2.28,,11551.92,,False,0,2026-05-24 22:38:38.550444
a4ae48,SKW3031 ,United States,1779659170.0,1779659170,-117.0101,32.6493,4290.06,False,181.13,68.68,9.1,,4434.84,,False,0,2026-05-24 22:38:38.550444
a7fb7d,,United States,1779659462.0,1779659462,-118.4971,35.0614,10972.8,False,228.76,307.87,0.0,,11300.46,,False,0,2026-05-24 22:38:38.550444
aa7abe,UAL1662 ,United States,1779659167.0,1779659167,-112.0567,40.9379,4419.6,False,206.87,94.28,3.58,,4602.48,3137,False,0,2026-05-24 22:38:38.550444
405f13,EZY58ER ,United Kingdom,1779659459.0,1779659459,0.4818,50.9274,7924.8,False,200.36,325.25,0.0,,8427.72,0654,False,0,2026-05-24 22:38:38.550444
405f11,,United Kingdom,1779659167.0,1779659167,2.1987,49.5773,10972.8,False,232.85,328.28,0.0,,11529.06,,False,0,2026-05-24 22:38:38.550444
4ca621,RYR4KK  ,Ireland,1779659170.0,1779659170,6.4965,40.7614,11582.4,False,223.66,95.15,0.0,,12031.98,1000,False,0,2026-05-24 22:38:38.550444
448466,ICL852  ,Belgium,1779659168.0,1779659168,40.6348,41.0619,10363.2,False,251.75,264.37,0.0,,10500.36,2315,False,0,2026-05-24 22:38:38.550444
a8d46a,UAL1183 ,United States,1779659125.0,1779659162,-82.0699,41.1231,10972.8,False,191.64,235.5,0.0,,11414.76,3324,False,0,2026-05-24 22:38:38.550444
7cadf2,8M8     ,Australia,1779659167.0,1779659167,150.7799,-33.8671,1447.8,False,88.49,179.67,0.0,,1569.72,3650,False,0,2026-05-24 22:38:38.550444
a9e108,N73574  ,United States,1779659215.0,1779659215,-88.633,42.1906,929.64,False,33.44,179.12,0.0,,944.88,,False,0,2026-05-24 22:38:38.550444
a32c47,UPS229  ,United States,1779659434.0,1779659434,4.3654,50.8588,10561.32,False,238.08,99.83,-7.48,,11087.1,2001,False,0,2026-05-24 22:38:38.550444
abd204,,United States,,1779659462,,,,False,250.55,56.47,0.0,,,,False,0,2026-05-24 22:38:38.550444
a4ef90,,United States,,1779659459,,,,False,189.45,299.98,0.0,,,,False,0,2026-05-24 22:38:38.550444
a79187,,United States,,1779659441,,,,False,33.09,258.34,-1.63,,,,False,0,2026-05-24 22:38:38.550444
407689,EZY57CP ,United Kingdom,1779659050.0,1779659167,-2.7776,51.4883,1432.56,False,114.91,196.65,-4.23,,1684.02,1253,False,0,2026-05-24 22:38:38.550444
47921c,NOZ47E  ,Norway,1779659136.0,1779659168,8.7107,58.2846,10972.8,False,238.43,28.06,0.0,,11361.42,6037,False,0,2026-05-24 22:38:38.550444
a7e20a,JBU1784 ,United States,1779659328.0,1779659328,-80.0041,26.0291,1798.32,False,148.56,312.47,0.0,,1920.24,,False,0,2026-05-24 22:38:38.550444
3964ef,TVF34QV ,France,1779659007.0,1779659435,-9.4902,38.4518,2438.4,False,128.94,144.09,0.33,,2659.38,7654,False,0,2026-05-24 22:38:38.550444
86803e,SKY001  ,Japan,1779659147.0,1779659304,139.6956,35.751,4411.98,False,193.96,261.61,13.66,,4564.38,3336,False,0,2026-05-24 22:38:38.550444
a4dd33,,United States,1779659443.0,1779659443,-72.7961,42.4888,10012.68,False,185.04,258.13,5.53,,10454.64,,False,0,2026-05-24 22:38:38.550444
c05efa,JZA357  ,Canada,1779659004.0,1779659261,-82.3285,42.5797,1828.8,False,116.77,225.54,-4.55,,1874.52,2222,False,0,2026-05-24 22:38:38.550444
a4460e,UAL356  ,United States,1779659004.0,1779659167,-85.6972,38.1911,11277.6,False,219.68,138.13,0.0,,11765.28,5631,False,0,2026-05-24 22:38:38.550444
76ceeb,,Singapore,1779659467.0,1779659467,150.6809,-33.7709,4800.6,False,193.31,280.89,17.88,,5013.96,,False,0,2026-05-24 22:38:38.550444
aa1ffc,,United States,,1779659459,,,,False,188.1,328.87,7.8,,,,False,0,2026-05-24 22:38:38.550444
4075f3,TOM9HD  ,United Kingdom,1779659169.0,1779659169,1.1734,51.8604,12192.0,False,217.27,294.93,0.0,,12748.26,3575,False,0,2026-05-24 22:38:38.550444
c05eac,ACA1058 ,Canada,1779659459.0,1779659459,-122.2307,47.2362,9867.9,False,227.13,164.77,6.83,,10111.74,2662,False,0,2026-05-24 22:38:38.550444
abe4b9,SWA1569 ,United States,,1779659327,,,,False,261.43,71.53,0.33,,,,False,0,2026-05-24 22:38:38.550444
8691aa,ANA159  ,Japan,1779659167.0,1779659167,140.5042,35.4784,3451.86,False,162.05,231.06,-2.28,,3611.88,3752,False,0,2026-05-24 22:38:38.550444
a347b1,ENY4164 ,United States,1779658878.0,1779659169,-81.5917,40.1044,9448.8,False,247.93,130.03,-0.33,,9883.14,4465,False,0,2026-05-24 22:38:38.550444
c05d3c,JZA824  ,Canada,1779659133.0,1779659162,-73.4411,43.9954,9448.8,False,250.87,355.29,0.0,,9875.52,2164,False,0,2026-05-24 22:38:38.550444
a4ed07,N41619  ,United States,,1779659328,,,,False,42.34,94.88,7.15,,,,False,0,2026-05-24 22:38:38.550444
a07341,AAL2139 ,United States,1779659164.0,1779659164,-78.0835,37.8929,8534.4,False,214.73,219.95,0.0,,8999.22,,False,0,2026-05-24 22:38:38.550444
4caf2b,RYR6TX  ,Ireland,1779658878.0,1779659170,10.8047,46.3053,9075.42,False,228.96,318.83,6.83,,9403.08,0274,False,0,2026-05-24 22:38:38.550444
a55001,N441TD  ,United States,1779659167.0,1779659167,-90.1539,33.7131,9753.6,False,140.37,309.35,0.0,,10218.42,2620,False,0,2026-05-24 22:38:38.550444
4072c8,EZY42ZW ,United Kingdom,1779659162.0,1779659163,2.8843,49.4057,9753.6,False,205.18,303.65,0.0,,10287.0,3036,False,0,2026-05-24 22:38:38.550444
a24b40,AAY409  ,United States,1779659167.0,1779659167,-84.484,38.1069,7391.4,False,195.25,176.98,8.78,,7726.68,,False,0,2026-05-24 22:38:38.550444
a825a6,FFT2111 ,United States,1779659420.0,1779659462,-77.7643,40.6539,10142.22,False,205.43,276.18,5.53,,10607.04,1560,False,0,2026-05-24 22:38:38.550444
40756d,EZY48FK ,United Kingdom,1779659167.0,1779659167,-2.4665,47.1681,11277.6,False,228.62,11.16,0.33,,11795.76,2340,False,0,2026-05-24 22:38:38.550444
407568,EZY76TY ,United Kingdom,1779659459.0,1779659459,5.9036,50.136,11582.4,False,227.0,307.73,0.0,,12146.28,0626,False,0,2026-05-24 22:38:38.550444
a50e3f,AAL1499 ,United States,1779659247.0,1779659247,-83.6449,35.5035,8999.22,False,227.63,285.2,3.58,,9494.52,7155,False,0,2026-05-24 22:38:38.550444
346107,LAV902P ,Spain,1779659162.0,1779659162,-4.359,50.6655,12192.0,False,235.8,19.9,0.0,,12725.4,7470,False,0,2026-05-24 22:38:38.550444
4cae54,RYR6L   ,Ireland,1779659167.0,1779659167,-1.0911,53.3771,10972.8,False,227.54,275.84,0.0,,11513.82,6604,False,0,2026-05-24 22:38:38.550444
a6e720,DAL1672 ,United States,1779659004.0,1779659164,-111.9536,40.5844,3009.9,False,148.68,179.41,14.63,,3124.2,0517,False,0,2026-05-24 22:38:38.550444
4cae65,RYR28NL ,Ireland,1779659135.0,1779659302,-4.566,37.3248,7353.3,False,245.06,85.67,8.78,,7795.26,6551,False,0,2026-05-24 22:38:38.550444
4cae60,RYR17PE ,Ireland,1779659167.0,1779659167,-1.6766,52.9746,4770.12,False,159.88,321.14,-8.78,,4724.4,5361,False,0,2026-05-24 22:38:38.550444
a1d105,ENY3532 ,United States,1779659169.0,1779659169,-94.2866,35.9198,10058.4,False,249.55,44.83,-0.33,,10500.36,,False,0,2026-05-24 22:38:38.550444
ad6b16,TAI445  ,United States,1779659148.0,1779659462,-73.5634,39.5525,10972.8,False,227.62,212.54,0.0,,11513.82,3533,False,0,2026-05-24 22:38:38.550444
4cae9d,RYR664P ,Ireland,1779659302.0,1779659302,18.4563,49.002,10972.8,False,228.65,298.93,-0.33,,11422.38,6001,False,0,2026-05-24 22:38:38.550444
ad22a1,N9454B  ,United States,,1779659459,,,,False,58.32,329.82,4.88,,,,False,0,2026-05-24 22:38:38.550444
3472c3,VLG2ZZ  ,Spain,1779658862.0,1779659167,0.6412,44.0462,11277.6,False,229.67,182.57,-0.33,,11780.52,0527,False,0,2026-05-24 22:38:38.550444
4cacb4,,Ireland,,1779659459,,,7315.2,False,177.81,351.68,0.0,,,,False,0,2026-05-24 22:38:38.550444
ac3cfc,EJA888  ,United States,1779659167.0,1779659167,-118.7359,38.2833,12496.8,False,246.3,86.77,0.0,,12816.84,,False,0,2026-05-24 22:38:38.550444
4cad39,RYR9JN  ,Ireland,1779659049.0,1779659162,-7.7476,40.8323,11277.6,False,220.95,188.3,0.0,,11704.32,2010,False,0,2026-05-24 22:38:38.550444
ab1d5e,EJA815  ,United States,1779659166.0,1779659166,-71.9024,42.6001,4770.12,False,191.4,104.0,-11.05,,5212.08,3144,False,0,2026-05-24 22:38:38.550444
a3f00a,ATN3340 ,United States,1779659125.0,1779659247,-115.5616,35.4803,10363.2,False,229.4,227.54,-0.33,,10683.24,2423,False,0,2026-05-24 22:38:38.550444
4d21fe,RYR85WA ,Malta,1779659166.0,1779659166,-1.5794,46.1265,10972.8,False,224.38,42.03,0.0,,11468.1,2252,False,0,2026-05-24 22:38:38.550444
a72ca2,SWA616  ,United States,1779659004.0,1779659166,-80.5628,28.0585,6400.8,False,219.72,131.68,0.0,,6781.8,3547,False,0,2026-05-24 22:38:38.550444
485a84,TFL86T  ,Kingdom of the Netherlands,1779659004.0,1779659162,1.3445,43.5192,11582.4,False,226.14,352.68,0.0,,12077.7,1000,False,0,2026-05-24 22:38:38.550444
a5db2c,ASA583  ,United States,1779659126.0,1779659167,-122.6489,46.4885,6758.94,False,208.15,7.67,-11.38,,6934.2,1716,False,0,2026-05-24 22:38:38.550444
a2f739,YEL90   ,United States,1779659161.0,1779659161,-78.2382,36.1655,3375.66,False,164.03,247.7,-3.9,,3543.3,3423,False,0,2026-05-24 22:38:38.550444
aaeb6a,VXP1176 ,United States,1779659125.0,1779659167,-80.8927,35.7018,6964.68,False,217.08,330.15,2.28,,7322.82,,False,0,2026-05-24 22:38:38.550444
39c424,AFR202  ,France,1779659440.0,1779659440,6.9263,48.1195,10058.4,False,242.66,110.09,-0.33,,10607.04,0671,False,0,2026-05-24 22:38:38.550444
a062ec,DAL2006 ,United States,1779659467.0,1779659467,-92.1914,44.8521,3649.98,False,153.56,281.01,0.0,,3726.18,,False,0,2026-05-24 22:38:38.550444
a445a9,UAL2040 ,United States,1779659166.0,1779659166,-71.2575,42.6716,5250.18,False,191.73,282.4,9.1,,5920.74,,False,0,2026-05-24 22:38:38.550444
4d2092,WMT5655 ,Malta,1779659167.0,1779659167,7.4357,40.6909,10363.2,False,218.42,87.03,-0.33,,10820.4,1424,False,0,2026-05-24 22:38:38.550444
a4caec,LXJ408  ,United States,1779658941.0,1779659167,-84.7152,37.8154,13106.4,False,188.03,244.91,0.0,,13609.32,3525,False,0,2026-05-24 22:38:38.550444
a35c0b,JBU143  ,United States,1779659327.0,1779659327,-74.2539,40.7697,1836.42,False,133.76,270.66,13.98,,1912.62,1671,False,0,2026-05-24 22:38:38.550444
ac929c,SWA3630 ,United States,1779659004.0,1779659186,-88.9773,41.2098,3032.76,False,160.62,64.58,-4.23,,3116.58,,False,0,2026-05-24 22:38:38.550444
a48f8c,N393SP  ,United States,1779659459.0,1779659459,-82.8314,27.7338,1051.56,False,48.8,145.3,-0.33,,1074.42,,False,0,2026-05-24 22:38:38.550444
a0a0e6,N14FT   ,United States,1779659162.0,1779659162,-121.7476,37.7223,2255.52,False,76.28,167.93,0.0,,2308.86,,False,0,2026-05-24 22:38:38.550444
47ae38,IGO74F  ,Norway,1779659467.0,1779659467,12.9986,46.7568,11269.98,False,240.78,126.14,-0.33,,11803.38,,False,0,2026-05-24 22:38:38.550444
4d2035,KMM103  ,Malta,1779659148.0,1779659169,10.3168,42.3446,11879.58,False,234.44,153.83,0.0,,12336.78,2213,False,0,2026-05-24 22:38:38.550444
ac9256,N909TT  ,United States,1779659133.0,1779659332,-83.5988,34.1492,12496.8,False,221.95,155.63,-0.98,,13121.64,7353,False,0,2026-05-24 22:38:38.550444
4082cc,TOM3XD  ,United Kingdom,1779658878.0,1779659468,23.9988,36.7698,11582.4,False,223.84,320.97,0.0,,11871.96,6632,False,0,2026-05-24 22:38:38.550444
a0fd0f,USC242  ,United States,1779659167.0,1779659167,-102.5178,40.3225,12192.0,False,217.85,277.33,-0.33,,12565.38,,False,0,2026-05-24 22:38:38.550444
